,Category,Location,Restaurant,UserID,Menu,Review,Date,Total,Taste,Quantity,Delivery
0,치킨,운정1동,치킨파티-운정점,99**님,두마리 set2（후라이드大＋양념大＋콜라）/1(맛 선택(순한맛)),가족과 함께 맛있게 먹었어요. 언제나 신선하고 바삭한 치킨~♡♡,2021년 7월 17일,5,5,5,5
1,치킨,운정1동,치킨파티-운정점,na**님,순살두마리 set8（순살후라이드＋순살치즈）/1,맛있습니다~~항상 잘먹고있습니다,2021년 7월 17일,5,5,5,5
2,치킨,운정1동,치킨파티-운정점,na**님,순살두마리 set8（순살후라이드＋순살치즈）/1,맛있네요~~많이파세요~~,2021년 6월 27일,5,5,5,5
3,치킨,운정1동,치킨파티-운정점,mj**님,순살두마리 set3（순살후라이드＋순살땡초＋콜라）/1,다른 배달어플로 시켰을때는 뼈치킨이었어요~땡초 넘맛있어서 배고파서 먹다가 찍었어요~ 와우~~여긴 순살도 국내산이네요^^ 땡초는 어른들 후라이드는 울어린이들 ㅎㅎ 기름도 깨끗해요~ 맛있게 잘먹었어요^^,2021년 5월 28일,5,5,5,5
4,치킨,운정1동,치킨파티-운정점,jh**님,후라이드＋청양마요＋콜라/1,언제나 잘~먹었습니다~~^^,2021년 5월 21일,5,5,4,4
5,치킨,운정1동,치킨파티-운정점,na**님,순살두마리 set8（순살후라이드＋순살치즈）/1,항상 맛있게 잘먹었고있습니다,2021년 4월 18일,5,5,5,5
6,치킨,운정1동,치킨파티-운정점,na**님,순살두마리 set8（순살후라이드＋순살치즈）/1,아주 잘먹고 있습니다,2021년 3월 31일,5,5,5,5
7,치킨,운정1동,치킨파티-운정점,na**님,순살두마리 set8（순살후라이드＋순살치즈）/1,맛있습니다~~~!!!,2021년 3월 25일,5,5,5,5
8,치킨,운정1동,치킨파티-운정점,co**님,두마리 set2（후라이드大＋양념大＋콜라）/1(맛 선택(순한맛)),후라이드가 더 맛있어요,2021년 3월 7일,4,5,4,5
9,치킨,운정1동,치킨파티-운정점,mg**님,두마리 set2（후라이드大＋양념大＋콜라）/1(맛 선택(순한맛)),항상 친절하시고 맛도 훌륭해요😀😀,2021년 2월 22일,5,5,5,5
10,치킨,운정1동,치킨파티-운정점,na**님,순살두마리 set8（순살후라이드＋순살치즈）/1,맛있습니다~~많이파세요~~,2021년 2월 7일,5,5,5,5
11,치킨,운정1동,치킨파티-운정점,ch**님,"순살두마리 set6（순살간장＋순살양념＋콜라）/1(맛 선택(순한맛)),치즈볼（5개）/1",항상 맛있어요. 감사합니다,2021년 1월 23일,5,5,5,5
12,치킨,운정1동,치킨파티-운정점,sw**님,두마리 set1（후라이드大＋데리야끼大＋콜라）/1,"늘 먹는 곳이에요~ 양도 넉넉하고 주문한지 30분만에 왔어요 10~15분 거리인데^^ 따끈하고 바삭하게 잘 먹었습니다~^^ 치킨가루가 안매워서 울 4,7,9세 아이들이 참 잘먹어요^^",2021년 1월 11일,5,5,5,5
13,치킨,운정1동,치킨파티-운정점,na**님,순살두마리 set8（순살후라이드＋순살치즈）/1,맛있습니다~~~잘먹고있어요,2021년 1월 8일,5,5,5,5
14,치킨,운정1동,치킨파티-운정점,-0**님,4계절치킨（후라이드＋양념＋깐풍＋치즈）/1(맛 선택(순한맛)),첫주문인데 매우 실망스럽네요 다신 안시킬거같아요 닭고기 상태좀 보세요 얼마나 오래된건지... 돈 아까워죽는줄 알았네요,2021년 1월 1일,1,1,1,2
15,치킨,운정1동,치킨파티-운정점,da**님,두마리 set2（후라이드大＋양념大＋콜라）/1(맛 선택(순한맛)),맛도 기대에 못 미치지만 배달은 빨리 왔어요 그치만 분명 벨 누르지 말라 달라했는데 두번이나 누르네요 ㅎ 완전 꽝입니다,2020년 12월 31일,1,1,2,4
16,치킨,운정1동,치킨파티-운정점,ri**님,두마리 set1（후라이드大＋데리야끼大＋콜라）/1,항상 시키는 치킨파티 양많고 따뜻하게 사장님이 잘배달해주세요,2020년 12월 22일,5,5,5,5
17,치킨,운정1동,치킨파티-운정점,ha**님,두마리 set4（양념大＋데리야끼大＋콜라）/1(맛 선택(순한맛)),"너무 바삭하고, 양념도 잘 베어 있어요~! 강력 추천 합니다~^^",2020년 12월 21일,5,5,5,5
18,치킨,운정1동,치킨파티-운정점,on**님,두마리 set2（후라이드大＋양념大＋콜라）/1(맛 선택(순한맛)),이름에 걸맞는 푸짐한 양과 느끼하지않고 맛있는치킨 잘 받았습니다. 다른것보다 배달 예정시간이 너무 늦어서 취소를 하려했더니에 대행없이 직접 배달하시며 배달시간을 20분이나 줄이신 사장님의 열정에 감탄했습니다 :) 추운날씨에 맛있는음식 잘 먹었습니다~ 번창하세용,2020년 12월 14일,5,5,5,5
19,치킨,운정1동,치킨파티-운정점,na**님,순살두마리 set8（순살후라이드＋순살치즈）/1,맛있습니다 애들이 좋아하네요,2020년 12월 13일,5,5,5,5
20,치킨,운정1동,치킨파티-운정점,ga**님,두마리 set2（후라이드大＋양념大＋콜라）/1(맛 선택(순한맛)),늘 여기서만 시켜 먹어요. 양도 많고 맛도 좋고 가격도 좋구요. 앞으로도 이 퀄리티 안변하셨으면 좋겠어요,2020년 12월 8일,5,5,5,5
21,치킨,운정1동,치킨파티-운정점,ch**님,4계절치킨（후라이드＋양념＋깐풍＋치즈）/1(맛 선택(순한맛)),맛있는 불금밤입니다. 감사합니다,2020년 12월 4일,5,5,5,5
22,치킨,운정1동,치킨파티-운정점,na**님,순살치즈후라이드/1,맛있네요 애들이 잘먹어요~~~,2020년 12월 4일,5,5,5,5
23,치킨,운정1동,치킨파티-운정점,ch**님,4계절치킨（후라이드＋양념＋깐풍＋치즈）/1(맛 선택(순한맛)),벌써 다섯번째.. 맜있습니다.,2020년 11월 27일,5,5,5,5
24,치킨,운정1동,치킨파티-운정점,ga**님,두마리 set1（후라이드大＋데리야끼大＋콜라）/1,배달이 밀리셨는지 콜라 큰거로 바꿔주셔서 너무 잘먹었습니다.,2020년 11월 27일,5,5,5,4
25,치킨,운정1동,치킨파티-운정점,ch**님,4계절치킨（후라이드＋양념＋깐풍＋치즈）/1(맛 선택(순한맛)),감사합니다. 맛있어요,2020년 11월 22일,5,5,5,5
26,치킨,운정1동,치킨파티-운정점,ch**님,4계절치킨（후라이드＋양념＋깐풍＋치즈）/1(맛 선택(순한맛)),치킨이 맛있다는것은 진리입니다. 다만 배달이 다른집으로 갔고 집주소 호수를 착각한거라 금방 직접가서 가져왔습니다. 휴~~~~~,2020년 11월 16일,4,5,5,2
27,치킨,운정1동,치킨파티-운정점,le**님,두마리 set1（후라이드大＋데리야끼大＋콜라）/1,잘받았습니다ㅎ 감사해요~~~^^,2020년 11월 14일,5,5,5,5
28,치킨,운정1동,치킨파티-운정점,ga**님,두마리 set1（후라이드大＋데리야끼大＋콜라）/1,맛있고 양이 많네요,2020년 11월 6일,5,5,5,4
29,치킨,운정1동,치킨파티-운정점,ca**님,후라이드＋청양마요＋콜라/1(순살 변경 선택(순살로 변경)),너무 좋았어요!!맜있구 양 많구!!,2020년 10월 20일,5,5,5,5
30,치킨,운정1동,치킨파티-운정점,le**님,두마리 set1（후라이드大＋데리야끼大＋콜라）/1,잘 먹었습니다^^단골이예요.,2020년 10월 6일,5,5,5,5
31,치킨,운정1동,치킨파티-운정점,du**님,두마리 set1（후라이드大＋데리야끼大＋콜라）/1,배달시간이 예상보다 빨리왔구요 맛도좋지만 양이 많아서 좋았어요,2020년 9월 28일,5,4,5,5
32,치킨,운정1동,치킨파티-운정점,le**님,두마리 set2（후라이드大＋양념大＋콜라）/1(맛 선택(순한맛)),늘 먹던ㅎ단골 집입니다.,2020년 9월 8일,5,5,5,5
33,치킨,운정1동,치킨파티-운정점,il**님,4계절치킨（후라이드＋양념＋깐풍＋치즈）/1(맛 선택(순한맛)),항상 이용하고있습니다.,2020년 8월 26일,5,5,5,5
34,치킨,운정1동,치킨파티-운정점,il**님,"4계절치킨（후라이드＋양념＋깐풍＋치즈）/1(맛 선택(순한맛)),순살후라이드/1",항상 시켜먹는곳이예요 7살 3살 아이들이 너무 좋아해요~^^,2020년 8월 17일,5,5,5,5
35,치킨,운정1동,치킨파티-운정점,in**님,순살두마리 set2（순살후라이드＋순살양념＋콜라）/1(맛 선택(순한맛)),"빠르게 음식이왔고, 맛있습니다.양은평균이예요~~!! 다음에또먹겠습니다ㅎㅎ",2020년 8월 10일,5,5,5,5
36,치킨,운정1동,치킨파티-운정점,le**님,두마리 set1（후라이드大＋데리야끼大＋콜라）/1,단골이예용ㅎㅎ 맛도좋고 사장님 항상 친절하셔서 늘 너무 기분좋게 받습니다ㅎ 번창하세요.,2020년 8월 10일,5,5,5,5
37,치킨,운정1동,치킨파티-운정점,le**님,두마리 set2（후라이드大＋양념大＋콜라）/1(맛 선택(순한맛)),이사와서 3년 가까이 단골입니다ㅎ 항상 웃으시며 친절하신 사장님 정말 친절하십니다. 치킨도 바삭하니 맛있어요!!! 더 번창하세요.^^,2020년 7월 13일,5,5,5,5
38,치킨,운정1동,치킨파티-운정점,bc**님,순살두마리 set2（순살후라이드＋순살양념＋콜라）/1(맛 선택(순한맛)),맛있습니다 맥주만 아니었어도 일인이닭하는건데 아쉽,2020년 7월 10일,5,5,5,5
39,치킨,운정1동,치킨파티-운정점,le**님,두마리 set2（후라이드大＋양념大＋콜라）/1(맛 선택(순한맛)),말하기 입아프네용ㅎ단골단골입니다ㅎ,2020년 6월 15일,5,5,5,5
40,치킨,운정1동,치킨파티-운정점,le**님,두마리 set1（후라이드大＋데리야끼大＋콜라）/1,오늘도 맛있게 잘 먹었습니다ㅎ 치킨좋아하는 아이들 때문에 자주 먹어요ㅜ,2020년 6월 10일,5,5,5,5
41,치킨,운정1동,치킨파티-운정점,le**님,두마리 set1（후라이드大＋데리야끼大＋콜라）/1,단골이예요ㅎ사장님 친절하시고 좋아요,2020년 6월 7일,5,5,5,5
42,치킨,운정1동,치킨파티-운정점,kh**님,순살두마리 set7（순살후라이드＋순살깐풍치킨）/1,정말 맛있는 집입니다. 다음에 또 시킬게요.,2020년 5월 24일,5,5,5,5
43,치킨,운정1동,치킨파티-운정점,le**님,두마리 set2（후라이드大＋양념大＋콜라）/1(맛 선택(순한맛)),항상 친절하신 사장님과 치킨ㅎ 치킨파티 강추합니다.,2020년 5월 24일,5,5,5,5
44,치킨,운정1동,치킨파티-운정점,ke**님,순살두마리 set7（순살후라이드＋순살깐풍치킨）/1,지금 현재 3개정도 먹었는데 두마리 세트로해서 시켰는데 앙이*** 다음부터 여기서 다신 안먹습니다 돈 아깝습니다 이게 2만4천원이라니 ㅋㅋㅋㅋ장사하지마십시오,2020년 5월 24일,1,1,1,1
45,치킨,운정1동,치킨파티-운정점,ca**님,두마리 set2（후라이드大＋양념大＋콜라）/1(맛 선택(매운맛)),처음 시켜먹는 곳이라서 큰 기댜 안했지만 기대 이상으로 맛있네요~ㅋ,2020년 5월 19일,5,5,5,5
46,치킨,운정1동,치킨파티-운정점,bo**님,두마리 set2（후라이드大＋양념大＋콜라）/1(맛 선택(순한맛)),지난번에 시켰을때 닭 냄새도 그렇고 맛이 예전만 못해서 안시키다가 오랜만에 시켰더니 다시 맛있어졌네요ㅎㅎ 역시 ㅜㅜ👍 또 믿고 주문해야겠어요~,2020년 4월 2일,5,5,5,5
47,치킨,운정1동,치킨파티-운정점,le**님,두마리 set1（후라이드大＋데리야끼大＋콜라）/1,단골이예요ㅎㅎ번창하세요,2020년 3월 16일,5,4,5,5
48,치킨,운정1동,치킨파티-운정점,na**님,두마리 set（후라이드大＋치즈후라이드大）/1,애들이 좋아하네요 치즈도 많이 뿌려주셔서 감사해요~~,2020년 3월 1일,5,5,5,5
49,치킨,운정1동,치킨파티-운정점,wl**님,두마리 set1（후라이드大＋데리야끼大＋콜라）/1,맨날 시켜먹는데 좋아요!,2020년 2월 29일,5,5,5,5
50,치킨,운정1동,치킨파티-운정점,ss**님,두마리 set2（후라이드大＋양념大＋콜라）/1(맛 선택(순한맛)),배고파서 맛있게 먹었어요~~^^,2020년 2월 28일,5,5,5,5
51,치킨,운정1동,치킨파티-운정점,il**님,4계절치킨（후라이드＋양념＋깐풍＋치즈）/1(맛 선택(순한맛)),항상 시켜먹는곳인데 역시 맛있네요^^ 양도 넉넉하고 아이들이 여기껀 맵지 않아서 잘먹어요~,2020년 2월 19일,5,5,5,5
52,치킨,운정1동,치킨파티-운정점,na**님,두마리 set（후라이드大＋치즈후라이드大）/1,맛이 좀 변해서 한동안 안시켰다가 시켰는데 맛있네요~~,2020년 2월 16일,5,5,5,5
53,치킨,운정1동,치킨파티-운정점,ho**님,두마리 set2（후라이드大＋양념大＋콜라）/1(맛 선택(순한맛)),맛있네요 자주먹을거같아요 ~^^,2020년 2월 2일,5,5,5,5
54,치킨,운정1동,치킨파티-운정점,is**님,순살두마리 set2（순살후라이드＋순살양념＋콜라）/1(맛 선택(매운맛)),깔끔하니 괜찮았네요,2020년 1월 26일,4,4,4,4
55,치킨,운정1동,치킨파티-운정점,fr**님,두마리 set1（후라이드大＋데리야끼大＋콜라）/1,너무 맛나게 먹었어요^^ 흡입해서 사진도 못 찍었네요.,2020년 1월 21일,5,5,5,5
56,치킨,운정1동,치킨파티-운정점,le**님,두마리 set1（후라이드大＋데리야끼大＋콜라）/1,꾸준히 이용하는 치킨집입니다~ㅎ 이번엔 사은품까지 보내 주셨네요♥ 맛있는 치킨 감사합니다.,2020년 1월 20일,5,5,5,5
57,치킨,운정1동,치킨파티-운정점,sd**님,두마리 set1（후라이드大＋데리야끼大＋콜라）/1,담백하고 양도많고 맛있네요~^^,2020년 1월 17일,4,4,4,4
58,치킨,운정1동,치킨파티-운정점,le**님,두마리 set1（후라이드大＋데리야끼大＋콜라）/1,단골이예요ㅎㅎ 항상 맛있게 먹고 있습니다.,2020년 1월 12일,5,5,5,5
59,치킨,운정1동,치킨파티-운정점,ms**님,칠리치킨大/1,"거리가 멀어서 음식이 식었을거라 생각했는데, 다 먹을 때까지 식지않고 따뜻했습니다. 밥이 땡기는 양념맛이라 밥도 같이 먹었습니다. 잘 먹었습니다.",2020년 1월 11일,5,5,5,5
60,치킨,운정1동,치킨파티-운정점,k4**님,두마리 set1（후라이드大＋데리야끼大＋콜라）/1,너무 맛있고 늘 친절하세요~~,2020년 1월 10일,5,5,5,5
61,치킨,운정1동,치킨파티-운정점,mo**님,순살후라이드/1,애들이 잘먹더라구요,2020년 1월 2일,5,5,5,3
62,치킨,운정1동,치킨파티-운정점,le**님,두마리 set1（후라이드大＋데리야끼大＋콜라）/1,이사와서 2년째 쭉단골입니다👍,2019년 12월 15일,5,5,5,5
63,치킨,운정1동,치킨파티-운정점,dl**님,4계절치킨（후라이드＋양념＋깐풍＋치즈）/1(맛 선택(매운맛)),여러가지 먹고싶을때 조허요,2019년 12월 5일,5,5,5,5
64,치킨,운정1동,치킨파티-운정점,le**님,두마리 set1（후라이드大＋데리야끼大＋콜라）/1,단골집이라ㅎ믿고 구매했어요~ 요즘은 다시 예전맛으로 돌아왔네요👍,2019년 12월 4일,5,5,5,5
65,치킨,운정1동,치킨파티-운정점,ss**님,두마리 set2（후라이드大＋양념大＋콜라）/1(맛 선택(순한맛)),단골인데 오늘은 머스타드소드도 안넣어주셨네요.. 평상시보다 오늘은 너무 빡삭했어요.딱딱할정도였어요. 맛있게 먹는 치킨인데 식구들이 거의 안먹었네요.,2019년 11월 13일,2,1,3,4
66,치킨,운정1동,치킨파티-운정점,손님,순살두마리 set2（순살후라이드＋순살양념＋콜라）/1(맛 선택(순한맛)),다좋은 양이조금 적어요,2019년 11월 12일,5,5,4,5
67,치킨,운정1동,치킨파티-운정점,wj**님,순살두마리 set2（순살후라이드＋순살양념＋콜라）/1(맛 선택(순한맛)),오늘도 맛잇게 잘 먹었습니다 ^^,2019년 11월 9일,5,5,5,5
68,치킨,운정1동,치킨파티-운정점,bo**님,후라이드大/1,너무 맛있어요증말ㅜㅜㅜㅜㅜ 닭비린내없고 늘 담백한 이맛 울딸사랑 치킨집입니다,2019년 11월 3일,5,5,5,5
69,치킨,운정1동,치킨파티-운정점,ry**님,4계절치킨（후라이드＋양념＋깐풍＋치즈）/1(맛 선택(순한맛)),맛이 다양해서 좋은데 치킨 양자체는 무난하네요ㅜ 입맛이 없을때 시키면 좋을 것 같아요!,2019년 11월 2일,4,4,3,4
70,치킨,운정1동,치킨파티-운정점,fo**님,순살두마리 set6（순살간장＋순살양념＋콜라）/1(맛 선택(순한맛)),다른곳은 닭이 덜싱싱해서 닭비린내 나는곳이 많아서 잘못먹는데 치킨파티는 얼마나 닭이싱싱한건지 닭비린내 맡아본적이 없어요 닭비린내 예민하신분은 꼭 여기서 시켜드세요!!,2019년 10월 23일,5,5,5,5
71,치킨,운정1동,치킨파티-운정점,sr**님,두마리 set2（후라이드大＋양념大＋콜라）/1(맛 선택(순한맛)),오잉 치킨 진짜 맛있어요 처음 먹어보는거라 망설였는데 후라이드 짱맛 그리고 요청사항도 잘 들어주셔서 넘 감사했습니다 양념은 다 못먹어서 냉장고 뒀다 다음날 먹었는데도 넘나 맛있네용 굿굿 또 시켜먹을게요,2019년 10월 21일,5,5,5,5
72,치킨,운정1동,치킨파티-운정점,bo**님,후라이드大/1,아이가 너무 좋아하는 치킨이예요 이곳 후라이드는 염지가 맵지않아서 아이가 엄청 좋아하고 양념소스도 맵지않아서 찍어먹으며 엄지척 해주네요~~ 완전 단골입니다ㅎ,2019년 10월 17일,5,5,5,5
73,치킨,운정1동,치킨파티-운정점,wo**님,두마리 set2（후라이드大＋양념大＋콜라）/1(맛 선택(순한맛)),맛도양도 괜찮아요 배달이조금늦어요,2019년 10월 14일,3,3,3,3
74,치킨,운정1동,치킨파티-운정점,ss**님,두마리 set2（후라이드大＋양념大＋콜라）/3(맛 선택(순한맛)),바삭바삭 맛있는 치킨~^^ 맛있게 식구들하고 잘 먹었어요~~,2019년 10월 14일,5,5,5,4
75,치킨,운정1동,치킨파티-운정점,as**님,두마리 set1（후라이드大＋데리야끼大＋콜라）/1,맛이 좋늬ㅣ요 많이 시키세요,2019년 10월 9일,5,5,5,5
76,치킨,운정1동,치킨파티-운정점,ss**님,두마리 set2（후라이드大＋양념大＋콜라）/1(맛 선택(순한맛)),치킨파티덕에 불금에 맛있게 먹었어요~~^^,2019년 9월 27일,5,5,5,5
77,치킨,운정1동,치킨파티-운정점,le**님,두마리 set1（후라이드大＋데리야끼大＋콜라）/1,잘받았습니다.단골인데 최근들어 후라이드 껍질이 딱딱하네요ㅜ맛있게 잘 먹긴 했지만 예전맛이랑 조금 달라진거같아용,2019년 9월 21일,5,4,5,5
78,치킨,운정1동,치킨파티-운정점,wj**님,순살두마리 set7（순살후라이드＋순살깐풍치킨）/1,맛잇게 잘 먹엇습니다~^^,2019년 9월 17일,5,5,5,5
79,치킨,운정1동,치킨파티-운정점,wj**님,두마리 set6（후라이드大＋땡초치킨大＋콜라）/1,먹다가 생각나서 급 사진 찍었어요.양도 푸짐하구.전괜찮았어요.재구매의사 있어요^^,2019년 9월 7일,5,5,5,4
80,치킨,운정1동,치킨파티-운정점,go**님,후라이드大/1,매번 시켜먹는곳인데 아이들이 너무 좋아해요^^,2019년 8월 30일,5,5,5,5
81,치킨,운정1동,치킨파티-운정점,wj**님,순살두마리 set2（순살후라이드＋순살양념＋콜라）/1(맛 선택(순한맛)),맛잇게 잘 먹엇습니다 ^^,2019년 8월 27일,5,5,5,5
82,치킨,운정1동,치킨파티-운정점,yo**님,두마리 set2（후라이드大＋양념大＋콜라）/1(맛 선택(순한맛)),맛이랑 양 다너무좋아서 세번째 시켜먹는데 머리카락이 나왓어요 ㅠㅠㅠ,2019년 8월 22일,4,4,4,3
83,치킨,운정1동,치킨파티-운정점,le**님,두마리 set1（후라이드大＋데리야끼大＋콜라）/1,매번 맛있게 먹고 홍보도 많이 했는데 오늘온 치킨은 뭔가 달랐어요ㅜ 데리야끼 치킨껍질이 좀 질기고 마른느낌이네요ㅜ,2019년 8월 11일,3,3,5,5
84,치킨,운정1동,치킨파티-운정점,ss**님,순살두마리 set2（순살후라이드＋순살양념＋콜라）/1(맛 선택(순한맛)),아이들이 있어서 순살시켜서 먹었어요~,2019년 8월 9일,4,3,3,3
85,치킨,운정1동,치킨파티-운정점,dd**님,두마리 set（후라이드大＋치즈후라이드大）/1,친절한 배달과 두마리 주문중 치즈 후라이드는 애들이 넘 좋아하네요.양념 소스도 주셔서 후라이드도 맛나게 먹었어요.,2019년 8월 9일,5,5,5,5
86,치킨,운정1동,치킨파티-운정점,le**님,두마리 set1（후라이드大＋데리야끼大＋콜라）/1,제가 이동네 치킨파티 홍보 엄청했어요ㅎ 먹어본 사람들이 어디냐 물어보네요ㅋ 맛있어요~~,2019년 8월 5일,5,5,5,5
87,치킨,운정1동,치킨파티-운정점,sa**님,순살두마리 set6（순살간장＋순살양념＋콜라）/1(맛 선택(순한맛)),"순살이 식감이 너무 좋네요 애들이 환장을 하고 먹어요 순살 간장, 양념 조합 강추합니다",2019년 8월 3일,5,5,5,5
88,치킨,운정1동,치킨파티-운정점,li**님,4계절치킨（후라이드＋양념＋깐풍＋치즈）/1(맛 선택(순한맛)),맛있어염 교정중이라 많이 못먹어서 그런지 양도 적당했어요 강정보다는 양념과 치즈가 굿굿,2019년 8월 3일,5,5,4,5
89,치킨,운정1동,치킨파티-운정점,re**님,4계절치킨（후라이드＋양념＋깐풍＋치즈）/1(맛 선택(순한맛)),치즈가 제일 맛있는거같아요!!!,2019년 7월 27일,5,5,5,5
90,치킨,운정1동,치킨파티-운정점,rh**님,4계절치킨（후라이드＋양념＋깐풍＋치즈）/1(맛 선택(매운맛)),처음먹어보는데 마싯어요 ㅎㅎ잘먹엇습니당,2019년 7월 26일,5,5,5,5
91,치킨,운정1동,치킨파티-운정점,bo**님,후라이드大/1,여기 후라이드는 울집딸이 가장 좋아해요 양념소스 찍어서도 잘먹고 소금찍어서도 잘먹고요~ 옛날치킨맛 좋아하는분들은 좋으실듯요~~,2019년 7월 17일,5,5,5,5
92,치킨,운정1동,치킨파티-운정점,wj**님,순살두마리 set2（순살후라이드＋순살양념＋콜라）/1(맛 선택(순한맛)),맛나게 잘 먹엇습니다~,2019년 7월 16일,5,5,5,5
93,치킨,운정1동,치킨파티-운정점,dd**님,4계절치킨（후라이드＋양념＋깐풍＋치즈）/1(맛 선택(순한맛)),여러가지 맛이 있으니까 좋았어요. 매콤 양념 소스도 따로 챙겨주시고 감자도 있으니 골라먹는 재미가 있네요. 순살이라 애들도 편하게 먹었어요. 저희는 눈꽃치즈가 젤 맛있어서 다음엔 이걸로 몽땅 시키려구요ㅎㅎ,2019년 7월 15일,5,5,5,5
94,치킨,운정1동,치킨파티-운정점,손님,순살후라이드/1,이제 치킨은 여기서 먹으려고요 다른 곳 보다 싸고 맛있네요,2019년 7월 14일,5,5,5,5
95,치킨,운정1동,치킨파티-운정점,손님,순살후라이드/1,감사합니다 정말 맛있게먹었습니다,2019년 7월 7일,5,5,5,5
96,치킨,운정1동,치킨파티-운정점,손님,떙초치킨大/1,아직 먹기 이전이에요. 일단 영업시간이 새벽 1시라서 자정 12시30분까지 요청했는데..어떻게 그 시간에 딱 오실까요..ㅎㅎ 아직 뜯지도 않았으나 이런 친절하신 서비스덕에 맛은 보장되리란 생각드네요 잘먹을게요~^^,2019년 7월 7일,5,5,5,5
97,치킨,운정1동,치킨파티-운정점,ye**님,4계절치킨（후라이드＋양념＋깐풍＋치즈）/1(맛 선택(순한맛)),맛이써용~ 많이 파세요!,2019년 7월 6일,4,4,4,5
98,치킨,운정1동,치킨파티-운정점,ji**님,4계절치킨（후라이드＋양념＋깐풍＋치즈）/1(맛 선택(순한맛)),배달도 빠르고 애들이 여러맛이라 좋아해요,2019년 6월 28일,5,4,5,5
99,치킨,운정1동,치킨파티-운정점,ma**님,깐풍치킨大/1,맛있게 먹었어요. 두마리 메뉴도 아닌데 크기가 조금 작은 느낌이네요.,2019년 6월 28일,4,4,3,4
100,치킨,운정1동,치킨파티-운정점,le**님,두마리 set1（후라이드大＋데리야끼大＋콜라）/1,항상 친절하신 사장님 덕분에 단골입니다ㅎ주변에서도 맛있다고 하네요,2019년 6월 22일,5,5,5,5
101,치킨,운정1동,치킨파티-운정점,he**님,4계절치킨（후라이드＋양념＋깐풍＋치즈）/1(맛 선택(매운맛)),처음 시켰는데 ^^맛있어요 잘먹었습니다,2019년 6월 16일,5,5,5,5
102,치킨,운정1동,치킨파티-운정점,손님,두마리 set2（후라이드大＋양념大＋콜라）/1(맛 선택(순한맛)),운정에서 제일 맛있다고 새각합니다,2019년 6월 8일,5,5,5,5
103,치킨,운정1동,치킨파티-운정점,na**님,순살두마리 set8（순살후라이드＋순살치즈）/1,항상맛있네요~~잘먹고있습니다,2019년 6월 7일,5,5,5,5
104,치킨,운정1동,치킨파티-운정점,je**님,순살두마리 set6（순살간장＋순살양념＋콜라）/1(맛 선택(순한맛)),튀김이 좀 더 바삭했으면 좋겠어요,2019년 6월 3일,3,3,4,5
105,치킨,운정1동,치킨파티-운정점,oy**님,4계절치킨（후라이드＋양념＋깐풍＋치즈）/1(맛 선택(순한맛)),몇번이나 시켰는데 맛있어요,2019년 6월 2일,5,5,5,4
106,치킨,운정1동,치킨파티-운정점,na**님,4계절치킨（후라이드＋양념＋깐풍＋치즈）/1(맛 선택(순한맛)),역시 맛있네요 ㅎㅎ 많이파세요~~~,2019년 5월 31일,5,5,5,5
107,치킨,운정1동,치킨파티-운정점,lm**님,4계절치킨（후라이드＋양념＋깐풍＋치즈）/1(맛 선택(순한맛)),여러가지 맛을 볼수 있어서 좋았구요 배달이 빨라서 좋았어요,2019년 5월 28일,4,4,4,5
108,치킨,운정1동,치킨파티-운정점,al**님,순살두마리 set1（순살후라이드＋순살간장＋콜라）/1(맛 선택(순한맛)),치킨 너무 맛있어요.,2019년 5월 25일,5,5,5,5
109,치킨,운정1동,치킨파티-운정점,su**님,두마리 set2（후라이드大＋양념大＋콜라）/1(맛 선택(순한맛)),맛있네요 잘먹었습니더,2019년 5월 19일,5,5,5,5
110,치킨,운정1동,치킨파티-운정점,ss**님,두마리 set2（후라이드大＋양념大＋콜라）/1(맛 선택(순한맛)),잘 받았습니다 자주 주문해서 먹고있습니다 좋아요,2019년 5월 14일,5,5,5,5
111,치킨,운정1동,치킨파티-운정점,le**님,두마리 set2（후라이드大＋양념大＋콜라）/1(맛 선택(순한맛)),항상 요기만 시켜요ㅎㅎ자주는 아니지만 꾸준히 찾는곳입니다.,2019년 5월 14일,5,5,5,5
112,치킨,운정1동,치킨파티-운정점,na**님,4계절치킨（후라이드＋양념＋깐풍＋치즈）/1(맛 선택(순한맛)),맛있어서 어제먹고 쿠폰 땜에 오늘 또 시켰네요,2019년 5월 13일,5,5,5,5
113,치킨,운정1동,치킨파티-운정점,kg**님,두마리 set1（후라이드大＋데리야끼大＋콜라）/1,이것도...급히 먹다 정신차리니 사진 찍을 때를 놓쳤네요....'-';;;다른 가족들은 데리야끼(간장)는 좀 짜다 하는데 저는 맛있게 잘먹었네요!바삭바삭하구요!b싹쓸이 했습니다~,2019년 5월 12일,5,5,5,5
114,치킨,운정1동,치킨파티-운정점,kg**님,두마리 set（후라이드大＋치즈후라이드大）/1,"치즈가루 진짜 가득, 꼼꼼하게 발라주셨어요! 사실 먹다가 사진 찍는게 생각나서 손에 하나씩 잡고 뒤늦게...ㅎ맛있었어요~양념 소스도 서비스로 주시고~잘먹었습니다:)",2019년 5월 12일,5,5,5,4
115,치킨,운정1동,치킨파티-운정점,na**님,4계절치킨（후라이드＋양념＋깐풍＋치즈）/1(맛 선택(순한맛)),역시 맛있습니다~~~~,2019년 5월 12일,5,5,5,5
116,치킨,운정1동,치킨파티-운정점,po**님,순살두마리 set2（순살후라이드＋순살양념＋콜라）/1(맛 선택(순한맛)),처음 맛보기전 배달받았을때 배달하시는분 정말 기분좋게 해주시는분 같았습니다. 치킨은 두말할것 없이 맛있고 데리야끼소스 부탁드렸는데 것도 너무 잘챙겨주셔서 감사합니다 너무너무 맛있습니다~!!,2019년 5월 7일,5,5,5,5
117,치킨,운정1동,치킨파티-운정점,hw**님,두마리 set2（후라이드大＋양념大＋콜라）/1(맛 선택(매운맛)),맛있는 치킨~ 만족합니다^^,2019년 5월 1일,5,5,5,5
118,치킨,운정1동,치킨파티-운정점,na**님,순살두마리 set8（순살후라이드＋순살치즈）/1,맛있네요~~~애들이 맨날 찾아요~~,2019년 5월 1일,5,5,5,5
119,치킨,운정1동,치킨파티-운정점,na**님,순살두마리 set8（순살후라이드＋순살치즈）/1,역시 맛있네요~~~~,2019년 4월 27일,5,5,5,5
120,치킨,운정1동,치킨파티-운정점,ci**님,순살두마리 set6（순살간장＋순살양념＋콜라）/1(맛 선택(순한맛)),처음 시켰는데 맛있게 잘 먹었어요~^^,2019년 4월 19일,5,5,4,5
121,치킨,운정1동,치킨파티-운정점,le**님,두마리 set4（양념大＋데리야끼大＋콜라）/1(맛 선택(매운맛)),다이어트가 안되네요ㅎㅎ치킨파티 맛나요 매운맛도 맛있게 매워요,2019년 4월 19일,5,5,5,5
122,치킨,운정1동,치킨파티-운정점,gu**님,,치킨이 양도 많고 맛있어요,2019년 4월 18일,5,4,5,4
123,치킨,운정1동,치킨파티-운정점,na**님,순살치즈후라이드/1,역시 실망시키지 않는군여~~~,2019년 4월 18일,5,5,5,5
124,치킨,운정1동,치킨파티-운정점,yi**님,4계절치킨（후라이드＋양념＋깐풍＋치즈）/1(맛 선택(순한맛)),다맛보랴고 4가지맛햇는데 ㅡㅜ 자극적이네요 중고등학생이면 좋아할거같아요,2019년 4월 18일,3,3,2,2
125,치킨,운정1동,치킨파티-운정점,ek**님,두마리 set6（후라이드大＋땡초치킨大＋콜라）/1,전에 한번 먹고 괜찮아서 시켰는데 후라이드엔 날개3개 목2개 들어가있고 양념엔 퍽살만 몰아들어가있었어요.. 닭도 그대보단 좀 작았네요..,2019년 4월 15일,5,3,3,5
126,치킨,운정1동,치킨파티-운정점,손님,두마리 set2（후라이드大＋양념大＋콜라）/1(맛 선택(순한맛)),먹다 머리카락 나왔어요. 회수조치 해주신다고 하셨는데 남은것보다 먹은게 많아 그냥 제가 처리하려구요. 맛도 있었고 배달도 생각보다 빨랐고 문제 발생 후 처리방법도 나쁘지 않으신듯 한데.. 제일 기본인 위생에서 이런실수는 좀 아닌것 같네요.,2019년 4월 14일,1,4,4,5
127,치킨,운정1동,치킨파티-운정점,le**님,두마리 set2（후라이드大＋양념大＋콜라）/1(맛 선택(매운맛)),잘먹었습니다ㅎ단골이예요,2019년 4월 14일,5,5,5,5
128,치킨,운정1동,치킨파티-운정점,Ji**님,4계절치킨（후라이드＋양념＋깐풍＋치즈）/1(맛 선택(매운맛)),맛은있는데 양이 적어요ㅠ,2019년 4월 8일,4,4,3,5
129,치킨,운정1동,치킨파티-운정점,손님,두마리 set4（양념大＋데리야끼大＋콜라）/1(맛 선택(순한맛)),배달빠르고 맛있어요,2019년 4월 6일,5,5,5,5
130,치킨,운정1동,치킨파티-운정점,na**님,순살두마리 set8（순살후라이드＋순살치즈）/1,애들이 너무 좋아하네여~~많이 파세요,2019년 3월 30일,5,5,5,5
131,치킨,운정1동,치킨파티-운정점,손님,두마리 set2（후라이드大＋양념大＋콜라）/1(맛 선택(순한맛)),맛나네요! 담에도 요기요!^^,2019년 3월 30일,5,5,5,4
132,치킨,운정1동,치킨파티-운정점,nd**님,두마리 set1（후라이드大＋데리야끼大＋콜라）/1,맛있게 잘 먹었습니다,2019년 3월 15일,5,5,5,5
133,치킨,운정1동,치킨파티-운정점,na**님,순살치즈후라이드/1,아주좋아요~~~~~,2019년 3월 11일,5,5,5,5
134,치킨,운정1동,치킨파티-운정점,ns**님,4계절치킨（후라이드＋양념＋깐풍＋치즈）/1(맛 선택(순한맛)),맛있어요~ 다양하게 4가지 맛을 다 볼수 있어서 애들도 좋아했어요. 양은 좀 아쉬웠어요. 맛있어서 더먹고 싶었는데..ㅜㅜ 애들이 또 시켜먹자네요^^ 근데 음료 콜라만 되나요? 전 사이다가 좋은데..,2019년 3월 7일,5,5,3,4
135,치킨,운정1동,치킨파티-운정점,en**님,순살두마리 set2（순살후라이드＋순살양념＋콜라）/1(맛 선택(순한맛)),아이 때문에 양념과 후라이드 따로 시켜야 하는데 양도 넉넉하고 맛도 좋아요~ 근데 치킨의 상태가 항상 균일하진 않아서 가끔씩 많이 느끼할 때가 있어요,2019년 3월 2일,5,5,5,5
136,치킨,운정1동,치킨파티-운정점,ki**님,4계절치킨（후라이드＋양념＋깐풍＋치즈）/1(맛 선택(순한맛)),가격대비 맛은좋은데 배달이 너무늦어요.,2019년 2월 20일,5,4,4,3
137,치킨,운정1동,치킨파티-운정점,le**님,두마리 set1（후라이드大＋데리야끼大＋콜라）/1,단골입니다.오늘은 작은 실수가 있으셨지만.. 믿고 앞으로도 주문할께요,2019년 2월 17일,4,5,5,5
138,치킨,운정1동,치킨파티-운정점,na**님,순살두마리 set8（순살후라이드＋순살치즈）/1,요새 치킨은 여기서만 시켜먹어요 여기로 정착한거 같네요,2019년 2월 9일,5,5,5,5
139,치킨,운정1동,치킨파티-운정점,ka**님,순살두마리 set2（순살후라이드＋순살양념＋콜라）/1(맛 선택(순한맛)),다시 시킨것 만큼 더 이상의 설명이 필요할 까요?,2019년 2월 8일,5,5,5,5
140,치킨,운정1동,치킨파티-운정점,ci**님,4계절치킨（후라이드＋양념＋깐풍＋치즈）/1(맛 선택(순한맛)),너무너무 맛있어요 ~~,2019년 2월 6일,5,5,5,5
141,치킨,운정1동,치킨파티-운정점,ci**님,4계절치킨（후라이드＋양념＋깐풍＋치즈）/1(맛 선택(순한맛)),"맛도,양도,배달도 괜찮은 것은겉아요~",2019년 2월 6일,5,5,5,5
142,치킨,운정1동,치킨파티-운정점,pl**님,4계절치킨（후라이드＋양념＋깐풍＋치즈）/1(맛 선택(순한맛)),배달빠르고 여러가지를 먹을수있어 괜찮았어요 맛도 나쁘지않고 양이 많은건아님,2019년 2월 6일,5,5,3,5
143,치킨,운정1동,치킨파티-운정점,ka**님,순살두마리 set2（순살후라이드＋순살양념＋콜라）/1(맛 선택(순한맛)),중간 크기의 닭 좋았습니다 튀기면서 너무 마르지도 않아 퍽퍽하지않고 양념은 달작지근하여 애들도 잘먹었습니다 전체적으로 아주 맛있게 먹었어요,2019년 2월 4일,5,5,5,5
144,치킨,운정1동,치킨파티-운정점,na**님,순살두마리 set8（순살후라이드＋순살치즈）/1,역시 맛있네요 ㅎㅎ 많이 파세요~~~,2019년 2월 2일,5,5,5,5
145,치킨,운정1동,치킨파티-운정점,da**님,두마리 set2（후라이드大＋양념大＋콜라）/1(맛 선택(순한맛)),가격대비 무난히 먹을만하네요,2019년 1월 27일,3,3,4,3
146,치킨,운정1동,치킨파티-운정점,le**님,두마리 set1（후라이드大＋데리야끼大＋콜라）/1,단골집입니다ㅎ친절하신 사장님 치킨도 넘 맛나요,2019년 1월 27일,5,5,5,5
147,치킨,운정1동,치킨파티-운정점,손님,순살두마리 set2（순살후라이드＋순살양념＋콜라）/1(맛 선택(매운맛)),맛있어요맛있어요 맛있,2019년 1월 27일,4,4,4,4
148,치킨,운정1동,치킨파티-운정점,na**님,순살두마리 set8（순살후라이드＋순살치즈）/1,맛있고 배달도 빠르고 요샌 여기서만 시켜먹어요,2019년 1월 26일,5,5,5,5
149,치킨,운정1동,치킨파티-운정점,ss**님,두마리 set2（후라이드大＋양념大＋콜라）/1(맛 선택(순한맛)),잘 먹었습니다. 맛있네요.,2019년 1월 21일,4,4,4,4
150,치킨,운정1동,치킨파티-운정점,손님,두마리 set6（후라이드大＋땡초치킨大＋콜라）/1,배달도빠르고 맛도좋고 종종시켜먹네요 번창하세요~,2019년 1월 19일,5,5,5,5
151,치킨,운정1동,치킨파티-운정점,da**님,4계절치킨（후라이드＋양념＋깐풍＋치즈）/1(맛 선택(순한맛)),다음에 또 주문할게요,2019년 1월 16일,5,5,5,5
152,치킨,운정1동,치킨파티-운정점,na**님,두마리 set（후라이드大＋치즈후라이드大）/1,여긴 항상 맛있네요~~~#,2019년 1월 8일,5,5,5,5
153,치킨,운정1동,치킨파티-운정점,23**님,두마리 set2（후라이드大＋양념大＋콜라）/1(맛 선택(순한맛)),양도 많고 맜있어요 배달이 조금 늦네여,2019년 1월 6일,5,5,5,4
154,치킨,운정1동,치킨파티-운정점,손님,두마리 set4（양념大＋데리야끼大＋콜라）/1(맛 선택(순한맛)),배달빠르고 맛있었습니다!~,2019년 1월 5일,5,5,5,5
155,치킨,운정1동,치킨파티-운정점,손님,두마리 set4（양념大＋데리야끼大＋콜라）/1(맛 선택(순한맛)),배달 빠르고 맛있습니다,2018년 12월 31일,5,5,5,5
156,치킨,운정1동,치킨파티-운정점,go**님,양념치킨大/1(맛 선택(순한맛)),양념 맛나게 먹었어요,2018년 12월 27일,5,5,4,5
157,치킨,운정1동,치킨파티-운정점,ro**님,순살두마리 set2（순살후라이드＋순살양념＋콜라）/1(맛 선택(순한맛)),언제나 배달시키는 치킨집 맛있다 다음엔 쿠폰 써야지,2018년 12월 25일,4,4,4,5
158,치킨,운정1동,치킨파티-운정점,ku**님,순살두마리 set6（순살간장＋순살양념＋콜라）/1(맛 선택(순한맛)),양념맛이 어렸을때 먹던 느낌을 살려주는맛,2018년 12월 25일,5,5,4,5
159,치킨,운정1동,치킨파티-운정점,le**님,두마리 set1（후라이드大＋데리야끼大＋콜라）/1,매번 맛있게 먹고 있어요~~~,2018년 12월 23일,5,5,5,5
160,치킨,운정1동,치킨파티-운정점,손님,두마리 set4（양념大＋데리야끼大＋콜라）/1(맛 선택(순한맛)),배달빠르고 맛있어요!,2018년 12월 19일,5,5,5,5
161,치킨,운정1동,치킨파티-운정점,hy**님,두마리 set3（후라이드大＋훈제大＋콜라）/1,배달이 예상시간보다 30분 늦었지만 치킨은 훌륭합니다,2018년 12월 18일,5,5,4,2
162,치킨,운정1동,치킨파티-운정점,na**님,두마리 set（후라이드大＋치즈후라이드大）/1,또시켜먹는데 역시 맛있네요 근처치킨집중엔 제일맛있는거 같아요 ㅎㅎ,2018년 12월 13일,5,5,5,5
163,치킨,운정1동,치킨파티-운정점,vk**님,4계절치킨（후라이드＋양념＋깐풍＋치즈）/1(맛 선택(순한맛)),맛은잇은데 양이좀적은거같네여 그래두좋아용,2018년 12월 2일,5,5,3,4
164,치킨,운정1동,치킨파티-운정점,na**님,두마리 set（후라이드大＋치즈후라이드大）/1,맛있네요 이근방에서 시킨거중에 제일인듯싶네요,2018년 11월 30일,5,5,5,5
165,치킨,운정1동,치킨파티-운정점,손님,순살두마리 set2（순살후라이드＋순살양념＋콜라）/1(맛 선택(순한맛)),ㄱㅈㄱㄷFdhduagㅅㄷㅂfgshs,2018년 11월 29일,3,3,3,3
166,치킨,운정1동,치킨파티-운정점,dr**님,순살두마리 set1（순살후라이드＋순살간장＋콜라）/1(맛 선택(순한맛)),기름 적고 맛 있었어요 배달이 느렸지만...,2018년 11월 24일,4,4,4,3
167,치킨,운정1동,치킨파티-운정점,손님,4계절치킨（후라이드＋양념＋깐풍＋치즈）/1(맛 선택(순한맛)),음 순살별로 안좋아하눈데 맛있엇어요 순살 말고 뼈도있엇으면,2018년 11월 22일,5,5,4,4
168,치킨,운정1동,치킨파티-운정점,le**님,두마리 set1（후라이드大＋데리야끼大＋콜라）/1,이사와서 정착한 치킨집입니당ㅎ 매번 치킨파티 이용하네요~ 친절하시고 맛나요~~,2018년 11월 21일,5,5,5,5
169,치킨,운정1동,치킨파티-운정점,손님,두마리 set1（후라이드大＋데리야끼大＋콜라）/1,구구구구구구구구구구구구구구구국구구ㅛ양적음,2018년 11월 9일,3,3,2,5
170,치킨,운정1동,치킨파티-운정점,손님,4계절치킨（후라이드＋양념＋깐풍＋치즈）/1(맛 선택(매운맛)),늘맛있개먹고있어요...,2018년 11월 1일,3,3,3,2
171,치킨,운정1동,치킨파티-운정점,손님,두마리 set1（후라이드大＋데리야끼大＋콜라）/1,너무 맛있네용ㅇㅎㅎㅎ,2018년 10월 29일,5,5,5,5
172,치킨,운정1동,치킨파티-운정점,손님,두마리 set2（후라이드大＋양념大＋콜라）/1(맛 선택(순한맛)),맛있네요 특히 양념이,2018년 10월 9일,5,5,5,4
173,치킨,운정1동,치킨파티-운정점,손님,4계절치킨（후라이드＋양념＋깐풍＋치즈）/1(맛 선택(순한맛)),사장님이 직접 배달해주시는 건가요? 배달해주시는 분의 미소덕에 한층 더 믿음이 가네요 요즘 비슷비슷한 맛의 치킨들 사이에서 단연 돋보이는 치킨이네요! 강추합니다,2018년 10월 8일,5,4,4,5
174,치킨,운정1동,치킨파티-운정점,손님,"4계절치킨（후라이드＋양념＋깐풍＋치즈）/1(맛 선택(순한맛)),양념치킨大/1(맛 선택(순한맛))",배달 빠르고 맛나요 추천해요,2018년 10월 4일,5,5,5,5
175,치킨,운정1동,치킨파티-운정점,gg**님,4계절치킨（후라이드＋양념＋깐풍＋치즈）/1(맛 선택(순한맛)),그저 그렇네요ㅠㅠㅋ,2018년 9월 23일,5,3,3,4
176,치킨,운정1동,치킨파티-운정점,손님,순살두마리 set6（순살간장＋순살양념＋콜라）/1(맛 선택(순한맛)),"요즘에 두마리 치킨 파는 전문압체가 많아, 깻잎치킨을 파는 타 가게를 먹었다가 상당히 실망했는데.. 이곳은 상당히 괜찮습니다. 드마리 치킨 드시면 이곳이 제일 괜찮은 것 같아요",2018년 9월 9일,5,4,4,4
177,치킨,운정1동,치킨파티-운정점,ro**님,순살두마리 set2（순살후라이드＋순살양념＋콜라）/1(맛 선택(순한맛)),언제나 시켜 먹지만 맛있네요,2018년 9월 9일,4,4,4,4
178,치킨,운정1동,치킨파티-운정점,ro**님,순살두마리 set2（순살후라이드＋순살양념＋콜라）/1(맛 선택(순한맛)),저희는 여기만 시켜 먹어요,2018년 9월 8일,4,4,4,4
179,치킨,운정1동,치킨파티-운정점,손님,두마리 set2（후라이드大＋양념大＋콜라）/1(맛 선택(순한맛)),배달 -1시간걸림 양- 적당함 맛-전에 먹었을때보다 많이 짠것같아요 ㅠ 후라이드: ㅜ ㅜ 아쉽네요 총평 -빼달좀시간안에해주시고 후라이드 안짜게해주세요 담에 달라졌을거라 생각하고 또 시켜먹어보겠습니다,2018년 9월 4일,3,3,4,3
180,치킨,운정1동,치킨파티-운정점,le**님,두마리 set1（후라이드大＋데리야끼大＋콜라）/1,축구하는날이라 배달 늦을줄알았는데 평소보다 빨리왔네요ㅋㅋ첨으로 데리야끼 시켜봤는데 맛있어요ㅎ,2018년 9월 1일,5,5,5,5
181,치킨,운정1동,치킨파티-운정점,ro**님,순살두마리 set2（순살후라이드＋순살양념＋콜라）/1(맛 선택(순한맛)),전에 맛있게 먹던 집이다 요기요에서도 배달이 가능해서 바로 시켰다,2018년 8월 24일,4,4,3,4
182,치킨,운정1동,치킨파티-운정점,my**님,순살두마리 set6（순살간장＋순살양념＋콜라）/1(맛 선택(매운맛)),맛이점점 떨어지는듯싶어요. 매운맛인데 맵지도않아진것같고..,2018년 8월 24일,4,2,2,5
183,치킨,운정1동,치킨파티-운정점,le**님,두마리 set2（후라이드大＋양념大＋콜라）/1(맛 선택(순한맛)),매번 친절히 배달해주셔서 기분좋게 시켜먹고 있어요ㅎ먹다찍은사진뿐이네요;;;;;,2018년 8월 20일,5,5,5,5
184,치킨,운정1동,치킨파티-운정점,dr**님,순살두마리 set5（순살후라이드＋순살강정＋콜라）/1,배달은 오래걸렷지만 기다릴만 했음,2018년 8월 18일,4,3,4,3
185,치킨,운정1동,치킨파티-운정점,wh**님,순살두마리 set2（순살후라이드＋순살양념＋콜라）/1(맛 선택(순한맛)),치킨파티 항상 맛있어요,2018년 8월 18일,5,5,5,5
186,치킨,운정1동,치킨파티-운정점,my**님,순살양념/1(맛 선택(매운맛)),맛잇엇어용 ㅎㅎㅎㅎㅎㅎㅎ,2018년 8월 18일,1,4,4,4
187,치킨,운정1동,치킨파티-운정점,손님,"순살두마리 set6（순살간장＋순살양념＋콜라）/1(맛 선택(매운맛)),순살두마리 set8（순살후라이드＋순살치즈）/1",매운맛인데 순한맛으로 왔네요 전화했더니 사과한마디 없이 젓가락은 원래 안보내드려요 아셧죠 ? 이러네요 네 알겠습니다^^,2018년 8월 13일,1,1,2,2
188,치킨,운정1동,치킨파티-운정점,손님,두마리 set2（후라이드大＋양념大＋콜라）/1(맛 선택(순한맛)),양도 맛도 좋아요 배달도 친절하구요,2018년 8월 13일,5,4,5,4
189,치킨,운정1동,치킨파티-운정점,손님,4계절치킨（후라이드＋양념＋깐풍＋치즈）/1(맛 선택(순한맛)),다시 시켜먹지는 않을 것 같아오,2018년 8월 8일,3,3,3,5
190,치킨,운정1동,치킨파티-운정점,my**님,순살양념/1(맛 선택(매운맛)),맛은잇어요. 그런대 비싼감이 높고. 양이너무적어요. 맛은 최고에요 ㅎ,2018년 8월 8일,4,5,1,3
191,치킨,운정1동,치킨파티-운정점,손님,4계절치킨（후라이드＋양념＋깐풍＋치즈）/1(맛 선택(순한맛)),기대안했는데 맛나네요,2018년 8월 6일,3,3,3,3
192,치킨,운정1동,치킨파티-운정점,손님,순살두마리 set6（순살간장＋순살양념＋콜라）/1(맛 선택(순한맛)),나쁘지 않음. 10점 만점에 7점.,2018년 7월 28일,4,4,4,4
193,치킨,운정1동,치킨파티-운정점,손님,두마리 set6（후라이드大＋땡초치킨大＋콜라）/1,너무 맛있게 잘 먹었습니다! 매운 음식 좋아하는 와이프가 정말 맛있대요,2018년 7월 25일,5,5,5,5
194,치킨,운정1동,치킨파티-운정점,km**님,순살두마리 set2（순살후라이드＋순살양념＋콜라）/1(맛 선택(순한맛)),치킨은 여기입니다. 매운걸 잘못먹는데 양념이 맵지가 않아서 너무 좋아요!,2018년 7월 7일,5,5,5,5
195,치킨,운정1동,치킨파티-운정점,km**님,순살두마리 set2（순살후라이드＋순살양념＋콜라）/1(맛 선택(순한맛)),양도 많았고 진찌 양념치킨이 괜찮아요!!,2018년 7월 3일,5,5,5,5
196,치킨,운정1동,치킨파티-운정점,손님,순살두마리 set5（순살후라이드＋순살강정＋콜라）/1,넘넘 맛있어요ㅠㅠ♡ 빠삭하고 따듯하고 무엇보다 그냥 맛있는게 최고네요ㅎㅎ 강정 양념이 엄청 끈적하긴 하지만 맛나요 다음엔 다른 맛으로 시켜먹을게요~~,2018년 7월 2일,5,5,5,5
197,치킨,운정1동,치킨파티-운정점,le**님,두마리 set2（후라이드大＋양념大＋콜라）/1(맛 선택(순한맛)),치킨파티만 시켜먹어요ㅎ 촉촉하니 맛있어요^^,2018년 7월 1일,5,5,5,5
198,치킨,운정1동,치킨파티-운정점,손님,두마리 set4（양념大＋데리야끼大＋콜라）/1(맛 선택(순한맛)),치킨 앞으로 여기서 시켜먹어야 할정도로 맛있었구요 데리야끼강추,2018년 7월 1일,5,5,5,5
199,치킨,운정1동,치킨파티-운정점,le**님,두마리 set2（후라이드大＋양념大＋콜라）/1(맛 선택(순한맛)),후기를 첨써봅니다.매번 시키는 곳입니다.배달해주시는분이 사장님이신지 항상 웃으시며 오셔서 기분이 좋더라구요^^ 쿠폰도 챙겨주시구 저희는 항상 요기서 먹네요~ 몇개 먹다 찍은거라☞☜ 첨엔 더 많아요ㅎ번창하세요,2018년 6월 16일,5,5,5,5
200,치킨,운정1동,치킨파티-운정점,sn**님,순살두마리 set6（순살간장＋순살양념＋콜라）/1(맛 선택(순한맛)),"치킨은 역시 양념과 간장 순살이졍 늦은시간 배달에도 친절히 배달해주셔서 감사합니당 양념은 맛나는데,, 간장은 제 입맛에 싱겁더라구요.,. 후라이드인지 간장인지 모를정도...? 그점 빼곤 괜찮았어용",2018년 6월 2일,5,4,5,5
201,치킨,운정1동,치킨파티-운정점,no**님,순살두마리 set5（순살후라이드＋순살강정＋콜라）/1,전부다 무난무난하다,2018년 5월 30일,3,3,3,3
202,치킨,운정1동,치킨파티-운정점,bo**님,두마리 set2（후라이드大＋양념大＋콜라）/1(맛 선택(순한맛)),아이가 여기 후라이드와 양념치킨을 좋아해서 자주 시키네요. 둘다 맵지 않아서 매운거 못먹는아이들한테 좋을거같구 닭도 늘 신선한거 쓰시는거 같아요. 자극적인맛 좋아하시는분들한텐 심심할듯하기도... 전 오히려 이게 좋으네요 근데 배달이 늘 한시간은 걸리네요..그게 좀 아쉽...,2018년 5월 28일,5,5,5,4
203,치킨,운정1동,치킨파티-운정점,손님,두마리 set2（후라이드大＋양념大＋콜라）/1,맛있어요 기대안했는데 ㅎㅎ,2018년 4월 28일,5,5,5,5
204,치킨,운정1동,치킨파티-운정점,11**님,두마리 set4（양념大＋데리야끼大＋콜라）/1(양념／간장 맛 추가(매운맛 추가)),배달 많이 늦지않았구요~ 맛있어요~,2018년 4월 12일,5,5,5,5
205,치킨,운정1동,치킨파티-운정점,bo**님,두마리 set2（후라이드大＋양념大＋콜라）/1,아이가 이곳 후라이드와 양념치킨을 좋아해서 항상 여기서 시켜요. 자극적이지 않아서 좋으네요,2018년 3월 26일,5,5,5,4
206,치킨,운정1동,치킨파티-운정점,be**님,두마리 set2（후라이드大＋양념大＋콜라）/1,짱짱맨 ㅎㅎㅎ맛잇어요 ㅎㅎ배달도 은근빨링오고,2018년 3월 12일,5,4,5,5
207,치킨,운정1동,치킨파티-운정점,eu**님,순살두마리 set（순살후라이드＋순살치즈）/1,양이 많아보이지만 튀김옷이 크고 살은 조금인 것들이 있어서 두마리같지 않네요 사계절 시킬땐 그런 게 없었는데 그냥 그대로 양 늘리려고만 한 것 같아요 그래서 엄청 느끼해요 홈페이지에는 순살도 국내산이라고 써있던데 박스에 브라질산이라고 써있네요 여러가지로 실망입니다,2018년 3월 9일,2,3,2,4
208,치킨,운정1동,치킨파티-운정점,손님,순살두마리 set2（순살후라이드＋순살양념＋콜라）/1,먹을만해여 ㅋㅋㅋㅋㅋ제일일찍 오픈해서좋아요,2018년 3월 6일,4,4,3,5
209,치킨,운정1동,치킨파티-운정점,손님,순살두마리 set1（순살후라이드＋순살간장＋콜라）/1,정말 막 튀긴 듯 맛있어요. 배달해주시는 분이 친절해서 기분 좋았어요. 그래서 리뷰 남기는 거예요 :) 잘 먹었어요.,2018년 3월 1일,5,5,5,5
210,치킨,운정1동,치킨파티-운정점,eu**님,4계절치킨（후라이드＋양념＋깐풍＋치즈）/1,사계절치킨 네가지 맛을 한 번에 맛 볼 수 있고 매운 거 잘 못 먹는 아이도 후라이드 치즈 두가지에 감자튀김도 먹을 수 있어 좋네요 단 배달이 좀 오래 걸리네요,2018년 2월 28일,5,5,5,4
211,치킨,운정1동,치킨파티-운정점,손님,순살두마리 set1（순살후라이드＋순살간장＋콜라）/1,아 잘못엇습니다 또,2018년 2월 24일,5,5,5,5
212,치킨,운정1동,치킨파티-운정점,손님,순살두마리 set2（순살후라이드＋순살양념＋콜라）/1,맛있어요.인기있는지 항상 배달은 50분걸리네요,2018년 2월 24일,4,4,3,2
213,치킨,운정1동,치킨파티-운정점,손님,두마리 set6（후라이드大＋땡초치킨大＋콜라）/1,맜있고 다른곳보다 배달이 빠르고좋네요,2018년 2월 23일,4,5,4,5
214,치킨,운정1동,치킨파티-운정점,as**님,순살두마리 set6（순살간장＋순살양념＋콜라）/1,바삭하고 정말 밋있엇어요 추천합니다,2018년 2월 19일,5,5,5,5
215,치킨,운정1동,치킨파티-운정점,tj**님,두마리 set3（후라이드大＋훈제大＋콜라）/1,훈제는 너무 짜네요ㅜㅜ,2018년 2월 18일,3,3,4,3
216,치킨,운정1동,치킨파티-운정점,tn**님,양념치킨大/1,날개에 살이 하나도 없네요....,2018년 2월 8일,1,2,3,3
217,치킨,운정1동,치킨파티-운정점,78**님,순살두마리 set6（순살간장＋순살양념＋콜라）/1,배달도 빠르고 맛도 맛있어요!!,2018년 2월 4일,5,5,5,5
218,치킨,운정1동,치킨파티-운정점,mo**님,두마리 set4（양념大＋데리야끼大＋콜라）/1,원초적인 가게이름이라 시켜봤습니다 생각보다 좋았구요 무엇보다 늦게까지 영업해서 좋았습니다,2018년 2월 2일,4,3,4,4
219,치킨,운정1동,치킨파티-운정점,손님,두마리 set1（후라이드大＋데리야끼大＋콜라）/1,아이들과 먹기에는 좋아요^^,2018년 1월 31일,4,4,4,4
220,치킨,운정1동,치킨파티-운정점,손님,순살데리야끼/1,잘 먹었습니다~^^,2018년 1월 30일,4,4,4,4
221,치킨,운정1동,치킨파티-운정점,손님,두마리 set6（후라이드大＋땡초치킨大＋콜라）/1,세심한 포장과 양도많고 소스도 주시고 무도 추가했는데 그냥주시고 감동이네요♥,2018년 1월 28일,5,5,5,5
222,치킨,운정1동,치킨파티-운정점,eu**님,4계절치킨（후라이드＋양념＋깐풍＋치즈）/1,네가지 맛을 골고루 다 먹어볼 수 있어 좋았어요 특히 감자튀김 좋아하는 아이가 잘 먹어 좋네요 배달시간은 55분 걸린다고 문자 왔는데 진짜 55분 걸렸네요 근데 닭고기 누린내가 좀 나는 것 같아요 일반 치킨집 시켰을때랑은 달리.. 제가 냄새 민감해서리;; 그래서 별 세개반이요,2018년 1월 27일,4,3,4,3
223,치킨,운정1동,치킨파티-운정점,손님,순살두마리 set3（순살후라이드＋순살땡초＋콜라）/1,맛있어요 최근에 배달 안된다고 하네요,2018년 1월 26일,5,5,5,4
224,치킨,운정1동,치킨파티-운정점,tj**님,두마리 set1（후라이드大＋데리야끼大＋콜라）/1,뭐 나름 괜찮아요 가성비 굿,2018년 1월 20일,3,4,4,3
225,치킨,운정1동,치킨파티-운정점,손님,순살두마리 set6（순살간장＋순살양념＋콜라）/1,많은양 맛있게 잘 먹었음,2018년 1월 15일,5,5,5,5
226,치킨,운정1동,치킨파티-운정점,ls**님,두마리 set2（후라이드大＋양념大＋콜라）/1,맛있게 잘먹었어요!,2018년 1월 12일,4,4,4,4
227,치킨,운정1동,치킨파티-운정점,손님,4계절치킨（후라이드＋양념＋깐풍＋치즈）/1,좋아요~~^^ 신선해요,2018년 1월 10일,3,3,3,3
228,치킨,운정1동,치킨파티-운정점,mo**님,두마리 set6（후라이드大＋땡초치킨大＋콜라）/1,맛 괜찮고 양도 적당합니다,2018년 1월 7일,4,4,4,4
229,치킨,운정1동,치킨파티-운정점,fh**님,순살두마리 set3（순살후라이드＋순살땡초＋콜라）/1,역시나~~ 양 먹을때마다 일정하게 많아요~,2018년 1월 4일,5,5,5,5
230,치킨,운정1동,치킨파티-운정점,sa**님,순살두마리 set1（순살후라이드＋순살간장＋콜라）/1,배달도 빠르고 바삭하고 촉촉합니다. 맛있어용,2018년 1월 3일,5,5,5,5
231,치킨,운정1동,치킨파티-운정점,손님,4계절치킨（후라이드＋양념＋깐풍＋치즈）/1,레알 졸맛탱 어제 먹었는데 또 먹고 싶다,2018년 1월 3일,5,5,5,5
232,치킨,운정1동,치킨파티-운정점,yh**님,두마리 set2（후라이드大＋양념大＋콜라）/1(양념／간장 맛 추가(매운맛 추가)),양념은 추가비용 내고 땡초로 바꿨어요. 진짜 맵네요. 맛있게 잘먹었어요.,2018년 1월 1일,5,4,5,5
233,치킨,운정1동,치킨파티-운정점,up**님,두마리 set2（후라이드大＋양념大＋콜라）/1,잡술맛 합니다 드셔보시오,2017년 12월 30일,3,3,4,3
234,치킨,운정1동,치킨파티-운정점,손님,두마리 set4（양념大＋데리야끼大＋콜라）/1,좋아요 맛있어요~^^,2017년 12월 29일,5,4,4,4
235,치킨,운정1동,치킨파티-운정점,su**님,4계절치킨（후라이드＋양념＋깐풍＋치즈）/1,좋아요 맛있어요 애들도좋아해고,2017년 12월 24일,5,5,5,5
236,치킨,운정1동,치킨파티-운정점,손님,두마리 set2（후라이드大＋양념大＋콜라）/1,4개 반 짜리임 잘먹었습니다~,2017년 12월 22일,4,4,5,5
237,치킨,운정1동,치킨파티-운정점,fh**님,순살두마리 set3（순살후라이드＋순살땡초＋콜라）/1,오늘따라 더바삭 거리는것 같아요ㅋㅋㅋ 맛나요~~,2017년 12월 17일,5,5,5,5
238,치킨,운정1동,치킨파티-운정점,su**님,4계절치킨（후라이드＋양념＋깐풍＋치즈）/1(양념／간장 맛 추가(매운맛 추가)),요거4가지맛좋네요 ㅋ좋아요,2017년 12월 16일,5,5,5,5
239,치킨,운정1동,치킨파티-운정점,손님,두마리 set4（양념大＋데리야끼大＋콜라）/1,맛있게 잘 먹었습니다~^^,2017년 12월 16일,5,5,5,5
240,치킨,운정1동,치킨파티-운정점,fh**님,순살두마리 set3（순살후라이드＋순살땡초＋콜라）/1,땡초진짜 맛잇어요!! 후라이드도 완전 바삭!,2017년 12월 11일,5,5,5,5
241,치킨,운정1동,치킨파티-운정점,손님,순살두마리 set2（순살후라이드＋순살양념＋콜라）/1,두번째 시켜먹었어요.맛있어요,2017년 12월 2일,3,3,3,3
242,치킨,운정1동,치킨파티-운정점,bo**님,두마리 set2（후라이드大＋양념大＋콜라）/1,오랜만에 주문했었는데 전보다 닭상태가 좋아져서 만족스러웠습니다. 옛날치킨맛 좋아하시면 강추예요~,2017년 11월 26일,5,5,5,5
243,치킨,운정1동,치킨파티-운정점,fh**님,순살두마리 set3（순살후라이드＋순살땡초＋콜라）/1,여기 땡초 순살은 진짜 완전...최고입니다!!!,2017년 11월 17일,5,5,5,5
244,치킨,운정1동,치킨파티-운정점,bo**님,두마리 set2（후라이드大＋양념大＋콜라）/1,전보다 좀....닭상태가 썩 좋진 않아보이지만 그래도 저희집 애기가 젤 잘먹어서 시켜요 맵지 않은 후라이드라서 아이먹이기 좋은거 같아요,2017년 10월 26일,3,3,5,5
245,치킨,운정1동,치킨파티-운정점,손님,두마리 set1（후라이드大＋데리야끼大＋콜라）/1,핵존맛임 난여기만먹움,2017년 10월 15일,5,5,5,5
246,치킨,운정1동,치킨파티-운정점,ec**님,순살두마리 set6（순살간장＋순살양념＋콜라）/1,싼맛에 시키면 좋은 곳,2017년 10월 5일,5,3,5,5
247,치킨,운정1동,치킨파티-운정점,ki**님,,사계절치킨 엄청맛있어요!!!!후라이드 바삭바삭하고ㅜㅜ감자튀김 많이주셔서 감사해요...깐풍치킨을 땡초로 바꿨는데 그렇게많이 안맵고 딱 좋은것같아요!! 집에선 후라이드만 시켜먹는데 저는 이게 최고인것같아여ㅜ,2017년 9월 23일,5,,,
248,치킨,운정1동,치킨파티-운정점,bb**님,,배달속도도 40분정도 걸렸고 치즈맛 좋아하는 저로썬 훌륭하다고 생각합니다. 치즈치킨! 뿌링클보다 단맛이 더 많이 나는데 덜 짭니다 그래서 좋았구요♡ 콜라까지 해서 16000원이면 진짜 최고ㅜ.ㅜ♡ 담에 친구랑 같이 먹을거예요 사장님 많이파세요!!,2017년 9월 16일,5,,,
249,치킨,운정1동,치킨파티-운정점,손님,,잘 먹었습니다,2017년 7월 10일,5,,,
250,치킨,운정1동,치킨파티-운정점,손님,,개인적으로는 별로 입니다. 차별하는것도 아니고 별도로 배달료를 받는다는 것이 기분 상합니다. 그리고 닭고기도 리플 달려 있는걸 보고 시켰는데 고기가 퍽퍽하고 맛도 별루라고 생각 합니다.,2017년 5월 29일,1,,,
251,치킨,운정1동,치킨파티-운정점,bo**님,,늘 맛있어요^^,2017년 5월 8일,5,,,
252,치킨,운정1동,치킨파티-운정점,손님,,새벽1시넘어주문했지만 맛있게잘먹었습니다 또시킬게요,2017년 4월 22일,5,,,
253,치킨,운정1동,치킨파티-운정점,손님,두마리 set1（후라이드大＋데리야끼大＋콜라）/1,바삭바삭 넘 맛있어요 👏👏,2017년 1월 28일,5,,,
254,치킨,운정1동,치킨파티-운정점,손님,,항상맛있어요,2017년 1월 24일,5,,,
255,치킨,운정1동,치킨파티-운정점,손님,,좋앙ㅅ,2017년 1월 17일,5,,,
256,치킨,운정1동,치킨파티-운정점,gl**님,두마리 set4（양념大＋데리야끼大＋콜라）/1,양념 맛이 변한거 같아요,2016년 12월 18일,3,,,
257,치킨,운정1동,치킨파티-운정점,손님,,최고입니다,2016년 11월 7일,5,,,
258,치킨,운정1동,치킨파티-운정점,손님,,오랜만에 먹어서 정말 맛있게 먹어습니다,2016년 10월 31일,5,,,
259,치킨,운정1동,치킨파티-운정점,rs**님,,맛있게 양도 많고 잘 먹었어요^^,2016년 10월 30일,5,,,
260,치킨,운정1동,치킨파티-운정점,손님,순살두마리 set2（순살후라이드＋순살양념＋콜라）/1,뭐가 맛있다는건지.. 걍 샀으니 먹어습니다.,2016년 10월 30일,3,,,
261,치킨,운정1동,치킨파티-운정점,bo**님,,너무 맛있어요 후라이드는 아기도 잘먹을만큼 전혀 매운맛이 없어서 좋고 양념도 딱 어릴때먹던 양념치킨맛이라서 너무 좋아요~ 배달하시는분도 친절하시고요^^,2016년 10월 16일,5,,,
262,치킨,운정1동,치킨파티-운정점,ki**님,,아니 왜 주문받아놓고 안와요 진짜 짜증나게 뭐하느자는건지 모르겠네 늦게 주문하긴했는데 주문 접수했다고 문자가 오면 배달와야죠 뭐하자는거죠,2016년 10월 16일,1,,,
263,치킨,운정1동,치킨파티-운정점,손님,,맛나네요 시간은 한시간걸린듯,2016년 9월 28일,4,,,
264,치킨,운정1동,치킨파티-운정점,손님,,배달하시는분이 너무너무 친절하셔서 기분 좋았습니다:) 튀김옷이 바삭해서 맛도 좋앗고 간장치킨도 너무 짜지않고 딱 맛있었어요. 살짝 아쉬운점은 살이 좀 적고 딱딱한 부분이 좀 있어서 별 하나 뺐습니다. 다음에 또 시켜먹을게요~,2016년 9월 27일,4,,,
265,치킨,운정1동,치킨파티-운정점,손님,,주문햇을때 55분소요된다고해서 늦겟구나햇는데 한시간이 넘게 걸렷어요ㅜ 아이가 기다리다가 잠들기직전에 와서 조금속상햇는데 고의도 아니시고 주문이 많아서 그러신거니 어쩔수없죵~~ 그래도 미안하다고 콜라도 큰거주셔서 감사햇어요 두마리치킨 호식이만 먹엇엇는데 첨으로 먹어봣는데 크기는 아주살짝 작은듯하나 너무 맛잇네요 소스도 따로 넣어주시고 앞으로 여기 이용할듯해요9^^,2016년 9월 25일,5,,,
266,치킨,운정1동,치킨파티-운정점,so**님,두마리 set6（후라이드大＋땡초치킨大＋콜라）/1,친절하시고 바삭허니 맛나요.,2016년 9월 23일,5,,,
267,치킨,운정1동,치킨파티-운정점,손님,,리뷰보고 주문했는데 완전 비추 양념시켰더니 후라이드로 갔다죽ㅍ 무도 안주고 양도 엄청적고 이딴게 15000원 절대 시켜먹지마세요,2016년 9월 5일,1,,,
268,치킨,운정1동,치킨파티-운정점,손님,,아아아주 맛있어여,2016년 8월 19일,5,,,
269,치킨,운정1동,치킨파티-운정점,손님,두마리 set2（후라이드大＋양념大＋콜라）/1,너무 맛있는 것같아요! 특히 양념치킨이 맛있었구 후라이드도 바삭바삭했어요,2016년 8월 4일,5,,,
270,치킨,운정1동,치킨파티-운정점,손님,,맛있어요,2016년 7월 8일,5,,,
271,치킨,운정1동,치킨파티-운정점,kw**님,,재주문해서 먹을정도로 맛도 괜찮고 양도 좋네요^^,2016년 6월 25일,5,,,
272,치킨,운정1동,치킨파티-운정점,손님,,땡초와 간장 순살~~ 매운거못먹는 신랑도 정말 맛있게 손이간다고 하더라구요 진짜맛있고 배달해주시는분도 친절하시고 번창하세요,2016년 6월 15일,5,,,
273,치킨,운정1동,치킨파티-운정점,78**님,순살두마리 set6（순살간장＋순살양념＋콜라）/1,문자온시간보단 짧게걸린거같아요!!첫 비주얼은 치킨이라기보단 닭강정같은느낌..ㅎ 하지만 치느님이니까 맛있게 먹겠습니다^^,2016년 6월 9일,5,,,
274,치킨,운정1동,치킨파티-운정점,손님,순살후라이드/1,맛있어요 ㅋㅋ 오랜만에 담백한 치킨먹는듯 순살말고 딴것도 먹어봐야겠음,2016년 6월 9일,5,,,
275,치킨,운정1동,치킨파티-운정점,손님,,맛있어요,2016년 4월 22일,5,,,
276,치킨,운정1동,치킨파티-운정점,손님,,잘받았습니다,2016년 4월 15일,5,,,
277,치킨,운정1동,치킨파티-운정점,손님,,맛있어요,2016년 4월 15일,4,,,
278,치킨,운정1동,치킨파티-운정점,ny**님,두마리 set6（후라이드大＋땡초치킨大＋콜라）/1,후라이드 넘 맛있네요~~ 양념은 넘 매워요 ㅋㅋ 담엔 일반 안매운 양념 치킨으로다가 주문 해야겠어요 로켓 배달이였나봐요 뜨거워서 깜짝 놀랐어요 배고파서 빨리 먹고픈 맘에 사진을 못찍었네요~. 담에 또 주문 할께요~~^^,2016년 4월 14일,4,,,
279,치킨,운정1동,치킨파티-운정점,손님,,맛있어요,2016년 4월 7일,5,,,
280,치킨,운정1동,치킨파티-운정점,mi**님,순살두마리 set2（순살후라이드＋순살양념＋콜라）/1,"맛있어요, 양은 좀 적네요",2016년 3월 26일,5,,,
281,치킨,운정1동,치킨파티-운정점,손님,,바삭바삭하고 너무맛있어요~~,2016년 3월 24일,5,,,
282,치킨,운정1동,치킨파티-운정점,손님,두마리 set6（후라이드大＋땡초치킨大＋콜라）/1,두마리셋트 . 후라이드랑 땡초 주문했어요^^ 요청사항에 바삭함 유지해서 가져다 달라했는데 정말 뜨겁고바삭하게 잘 보존되서 받았어요 그리고 배달해주신분..엘르베이터도 없는 저희집..까지 친절히 웃으며 다녀가셨네요~^^,2016년 3월 21일,5,,,
283,치킨,운정1동,치킨파티-운정점,손님,,항상먹는데 맛있어요,2016년 3월 7일,5,,,
284,치킨,운정1동,치킨파티-운정점,손님,,서비스로 콜라.사이다가 왔어요 너무좋아요 여기 단골입니다,2016년 2월 21일,5,,,
285,치킨,운정1동,치킨파티-운정점,kw**님,,맛있어요. 또 주문하고 싶은곳이네요,2016년 2월 20일,5,,,
286,치킨,운정1동,치킨파티-운정점,au**님,,ㅇㅈ,2016년 2월 16일,5,,,
287,치킨,운정1동,치킨파티-운정점,손님,,리뷰별로 쓰고싶지 많아요,2016년 2월 8일,3,,,
288,치킨,운정1동,치킨파티-운정점,손님,,3마리시키면 쿠폰이2장나왔는데 인제는3마리시켜도 쿠폰이 한장나오면다른써비스 해주셔야죠 항상 2마리만 시켜야겠어요 갑자기 쿠폰실시 할때 제대로 홍보해주면 좋겠어요,2016년 2월 7일,2,,,
289,치킨,운정1동,치킨파티-운정점,손님,,맛있어요,2016년 1월 31일,5,,,
290,치킨,운정1동,치킨파티-운정점,손님,,완전 강츄 입니다,2016년 1월 27일,5,,,
291,치킨,운정1동,치킨파티-운정점,손님,,훈제 너무 맛있어요 ㅋㅋ,2016년 1월 26일,5,,,
292,치킨,운정1동,치킨파티-운정점,손님,,맛있어요,2016년 1월 24일,5,,,
293,치킨,운정1동,치킨파티-운정점,손님,두마리 set1（후라이드大＋데리야끼大＋콜라）/1,우선 약속을 약지키고 전화도 그냥 끊어버리고 맛은 기대도안된다 기다리다 지침,2016년 1월 20일,2,,,
294,치킨,운정1동,치킨파티-운정점,손님,순살두마리 set6（순살간장＋순살양념＋콜라）/1,양도 많고 맛있어요!,2016년 1월 19일,5,,,
295,치킨,운정1동,치킨파티-운정점,by**님,양념치킨大/1,그냥그래요.,2016년 1월 10일,2,,,
296,치킨,운정1동,치킨파티-운정점,손님,두마리 set6（후라이드大＋땡초치킨大＋콜라）/1,정말 맛있어요,2015년 12월 27일,5,,,
297,치킨,운정1동,치킨파티-운정점,rl**님,두마리 set2（후라이드大＋양념大＋콜라）/1,맛있어요,2015년 12월 24일,5,,,
298,치킨,운정1동,치킨파티-운정점,손님,두마리 set6（후라이드大＋땡초치킨大＋콜라）/1,맛있어요 다음또배달해서 먹어야 겠어요,2015년 12월 24일,5,,,
299,치킨,운정1동,치킨파티-운정점,손님,순살두마리 set2（순살후라이드＋순살양념＋콜라）/1,순살치킨너무너무맛있네요 아들이너무좋아해 굿,2015년 12월 23일,5,,,
300,치킨,운정1동,치킨파티-운정점,손님,,좋아요!,2015년 12월 20일,5,,,
301,치킨,운정1동,치킨파티-운정점,손님,,맛있어요,2015년 12월 16일,5,,,
302,치킨,운정1동,치킨파티-운정점,손님,,가격도 저렴하고 맛도 좋내요,2015년 12월 5일,5,,,
303,치킨,운정1동,치킨파티-운정점,손님,두마리 set2（후라이드大＋양념大＋콜라）/1,사장님도 친절하고 배달도 빨리오고 맛도 바삭하니 괜츈 두마리셋트 시켜서 한마리는 내가 다 먹은듯,2015년 12월 4일,5,,,
304,치킨,운정1동,치킨파티-운정점,손님,두마리 set6（후라이드大＋땡초치킨大＋콜라）/1,넘좋아요!!! 강추입니다,2015년 11월 30일,5,,,
305,치킨,운정1동,치킨파티-운정점,손님,,엄청 맛있어요 땡초치킨 엄청 매워요,2015년 11월 27일,5,,,
306,치킨,운정1동,치킨파티-운정점,손님,,자주시켜먹어요,2015년 11월 22일,5,,,
307,치킨,운정1동,치킨파티-운정점,손님,두마리 set6（후라이드大＋땡초치킨大＋콜라）/1,땡초치킨+후라이드 시켰는데 역시 후라이드는 맛나요 크리스피가아닌 튀김옷이 두껍지않아요 ㅎ 땡초는 진짜 매워요 입술이 화끈화끈 ㅋㅋ,2015년 11월 17일,4,,,
308,치킨,운정1동,치킨파티-운정점,ko**님,두마리 set3（후라이드大＋훈제大＋콜라）/1,저는 별로네요~~ 야식집 치킨같아요,2015년 11월 13일,2,,,
309,치킨,운정1동,치킨파티-운정점,손님,,매운쏘스 글 남겼는데.. 원래 하나 주신다고 친절히 전화까지 주셨네요. 맛은 있는데.. 매운소스가 별루 안매워요 ㅋㅋ,2015년 11월 12일,4,,,
310,치킨,운정1동,치킨파티-운정점,le**님,순살두마리 set6（순살간장＋순살양념＋콜라）/1,간장양념치킨은맛이독특하고 향이특별했네요,2015년 11월 4일,5,,,
311,치킨,운정1동,치킨파티-운정점,손님,데리야끼치킨大/1,데리야키 치킨시켜먹었는데 맛은괜찮았는뎅 닭이 좀 말라있었는?ㅋㅋ그래도 머 먹을만했어요,2015년 11월 4일,4,,,
312,치킨,운정1동,치킨파티-운정점,손님,두마리 set4（양념大＋데리야끼大＋콜라）/1,진심 데리야끼 호식이간장보다 맛있어요 호식이는 간장소스가 맛있지만 살이 텁텁해서 먹기 힘들었는데 여기는 촉촉해서 먹기 편해요♥ 양굿 배달 굿 맛은 별 5개중 4개!,2015년 10월 19일,5,,,
313,치킨,운정1동,치킨파티-운정점,bi**님,,데리야키치킨 넘 맛있어요....호식이 간장소스하고 쌍벽임..,2015년 10월 18일,5,,,
314,치킨,운정1동,치킨파티-운정점,손님,순살두마리 set6（순살간장＋순살양념＋콜라）/1,진짜괜찮아요 자주시켜먹음ㅋ,2015년 10월 15일,5,,,
315,치킨,운정1동,치킨파티-운정점,손님,순살두마리 set6（순살간장＋순살양념＋콜라）/1,여기 너무 맛나요 ㅋㅋㅋㅋ 이사와서 연달아 두번이나 먹었어요 ㅋㅋ 순살에 살도 많고 양념도 맛나고 아주아주 대 만족 ㅋㅋ 맨날 먹고 싶네요 ㅠㅠ,2015년 10월 14일,5,,,
316,치킨,운정1동,치킨파티-운정점,손님,,맞있어요,2015년 10월 4일,5,,,
317,치킨,운정1동,치킨파티-운정점,손님,,양념치킨시켰는데요 우리입맛엔딱이네요 ㅎ배달도 빠르구요 단거좋아하시는분들이 좋아할듯요 ㅎ,2015년 10월 4일,4,,,
318,치킨,운정1동,치킨파티-운정점,po**님,두마리 set1（후라이드大＋데리야끼大＋콜라）/1,처음시켜봤는데 정말맛있네요 아이들도잘먹구요ㅋㅋ 매운양념소스 부탁ㅈ드렸는데 못보셨다고 전화도주시고.. 다른곳은 전화도 안주고 쌩이였는데. 친절하신거같네요.,2015년 10월 1일,5,,,
319,치킨,운정1동,치킨파티-운정점,손님,칠리치킨大/1,사장님 친절하시니 많이 먹어야겠습니다.,2015년 9월 16일,5,,,
320,치킨,운정1동,치킨파티-운정점,손님,,첫주문인데 좋았어요,2015년 9월 13일,4,,,
321,치킨,운정1동,치킨파티-운정점,hy**님,,칠리 맛나요..ㅎㅎ 치킨이 호식이 보단 약간작음ㅋㅋㅋ,2015년 9월 10일,4,,,
322,치킨,운정1동,치킨파티-운정점,손님,,빠른 배달과 더불어 순살이 참 맛있어요~ 주문 하실때 도로명 주소로 써주시면 더 빨리 오신답니다~ 아무튼 치킨파티 순살 최고에요~!,2015년 8월 31일,5,,,
323,치킨,운정1동,치킨파티-운정점,손님,순살두마리 set6（순살간장＋순살양념＋콜라）/1,맞있음,2015년 8월 9일,5,,,
324,치킨,운정1동,치킨파티-운정점,손님,데리야끼치킨大/1,항상 친절하시고 맛도 최고예요♡ 단골 예약 찜꽁~,2015년 8월 1일,5,,,
325,치킨,운정1동,치킨파티-운정점,손님,,친절하신 사장님과 빠른배달 너무 좋습니다. 닭을 너무 좋아해서 자주먹는데 여기만 시켜요~ 알바 아니고 제돈 주고 먹는 사람이니 한번 드셔보세요. 다 맛있음,2015년 7월 17일,5,,,
326,치킨,운정1동,치킨파티-운정점,손님,,사장님 항상 너무 친절하시고 감사합니다~ 맛도 좋고 꼭 시켜드세요:) 배달도 너무 친절하시고 맛도 정말 좋아요 예전부터 주문해 먹다가 첨 요기요로 배달시켰는데 여전히 넘 친절하셔요~,2015년 7월 13일,5,,,
327,치킨,운정1동,치킨파티-운정점,손님,,순살도 너무 맛있어요~ 배달도 빠르고요~,2015년 7월 10일,5,,,
328,치킨,운정1동,치킨파티-운정점,손님,,데리야끼 양념까지 맛있어요~ 이미 단골 되었습니다. ㅎㅎ,2015년 7월 5일,5,,,
329,치킨,운정1동,치킨파티-운정점,손님,,두번째 시켜먹는건데 닭도 맛있고 배달 하시는 사장님도 너무 친절하세요~ 앞으로 단골 될거 같아요~,2015년 7월 5일,5,,,
330,치킨,운정1동,치킨파티-운정점,손님,,예전에 순살이맛있어서 기본으로칠리랑후라이드시켰는데ᆢ 맛ᆢ정말실망이였어요ㅠㅠ 후라이드ᆢ기름쩐내가ᆢㅠ,2015년 6월 29일,1,,,
331,치킨,운정1동,치킨파티-운정점,손님,,네,2015년 6월 13일,5,,,
332,치킨,운정1동,치킨파티-운정점,손님,,못오면 빨리 전활 주던가,2015년 6월 12일,1,,,
